{
  "simulation_params": {
    "num_runs": 5,
    "sequence_length": 25000,
    "mu": 4.234503,
    "nu_1": 1.678951,
    "nu_2": 0.0,
    "decoy_ratio": 0.25,
    "alpha": 0.0,
    "l": 20.0,
    "channel_loss": 0,
    "receiver_loss": 1.038,
    "detector_efficiency": 0.94,
    "dark_count_rate": 0.032765,
    "detector_error": 0.014,
    "attack_type": "No-Eve",
    "eta": 0.7401638218765011
  },
  "signal_gains": [
    0.9564471143531431,
    0.9590937696664569,
    0.9567424643046007,
    0.9591618558905282,
    0.9596133190118152
  ],
  "decoy_gains": [
    0.7051767676767676,
    0.7244094488188977,
    0.7224334600760456,
    0.7236245954692556,
    0.7173076923076923
  ],
  "signal_QBERs": [
    0.05787348586810229,
    0.06200787401574803,
    0.06500110546097723,
    0.06018724921979492,
    0.0630176852473696
  ],
  "decoy_QBERs": [
    0.06535362578334826,
    0.049818840579710144,
    0.04649122807017544,
    0.049194991055456175,
    0.03932082216264522
  ],
  "n_values": [
    1,
    2,
    3,
    4,
    5
  ],
  "y_expected": [
    [
      0.7486773542527175,
      0.7486773542527175,
      0.7486773542527175,
      0.7486773542527175,
      0.7486773542527175
    ],
    [
      0.9346972842531401,
      0.9346972842531401,
      0.9346972842531401,
      0.9346972842531401,
      0.9346972842531401
    ],
    [
      0.9830319919192507,
      0.9830319919192507,
      0.9830319919192507,
      0.9830319919192507,
      0.9830319919192507
    ],
    [
      0.9955910976299295,
      0.9955910976299295,
      0.9955910976299295,
      0.9955910976299295,
      0.9955910976299295
    ],
    [
      0.9988544076584412,
      0.9988544076584412,
      0.9988544076584412,
      0.9988544076584412,
      0.9988544076584412
    ]
  ],
  "y_signal": [
    [
      0.6204487477115057,
      0.6285107380759426,
      0.6213344379325905,
      0.6287219369740807,
      0.6301273074150621
    ],
    [
      0.8510608558274213,
      0.8573208457873414,
      0.851755149580167,
      0.8574830314408821,
      0.858559906620385
    ],
    [
      0.9415550112584027,
      0.9452007281680157,
      0.9419632047973604,
      0.9452941384100502,
      0.9459130116488927
    ],
    [
      0.9770656886208002,
      0.9789530558273434,
      0.9772790111234615,
      0.9790008774214327,
      0.9793170222177295
    ],
    [
      0.9910003808750205,
      0.9919164280071988,
      0.9911048958901798,
      0.9919393802372594,
      0.992090785917587
    ]
  ],
  "y_decoy": [
    [
      0.6756855968553972,
      0.7105415963368055,
      0.7068616721986786,
      0.7090771326408682,
      0.697424001998132
    ],
    [
      0.8912572104121129,
      0.91337558354356,
      0.9111590469470656,
      0.9124968443527592,
      0.9053464415919333
    ],
    [
      0.9635384855785051,
      0.9740764495642353,
      0.9730751178170632,
      0.973680988649224,
      0.9703899311958842
    ],
    [
      0.9877744350779742,
      0.9922420202676507,
      0.9918399200407825,
      0.9920838242534386,
      0.9907372085177757
    ],
    [
      0.995900761665167,
      0.9976783176487853,
      0.9975269379272153,
      0.9976189896491457,
      0.9971023604635717
    ]
  ]
}